CASE,SERIAL,REF,QUESTNNR,MODE,STARTED,EI05,EI01,EI02_01,K101_01,K101_02,K101_03,K101_04,K101_06,K101_08,K101_09,K101_10,K101_05,K101_11,K201_01,K201_02,K201_03,K201_05,K201_06,K301_01,K301_02,K301_03,K301_04,K301_05,K301_06,K301_07,K301_08,K301_09,K401_01,K401_06,K401_02,K401_03,K401_04,K401_05,K501_01,K501_06,K501_03,K501_04,K501_05,TIME001,TIME002,TIME003,TIME004,TIME005,TIME006,TIME007,TIME008,TIME_SUM,MAILSENT,LASTDATA,STATUS,FINISHED,Q_VIEWER,LASTPAGE,MAXPAGE,MISSING,MISSREL,TIME_RSI
2,NA,NA,base,interview,2024-12-04T08:24:17Z,1,2,20,3,2,3,3,3,2,3,3,3,3,4,3,3,3,3,3,2,3,2,3,3,2,4,3,3,3,3,2,3,3,2,2,3,2,3,4,9,27,17,21,25,17,1,121,NA,2024-12-04T08:26:18Z,NA,1,0,8,8,0,0,1.5
3,NA,NA,base,interview,2024-12-04T08:51:12Z,1,2,20,4,3,3,4,2,4,4,4,3,3,3,1,3,4,4,3,4,3,2,2,1,1,3,3,4,4,2,4,3,3,3,2,3,3,3,13,21,43,31,41,41,40,5,232,NA,2024-12-04T08:55:07Z,NA,1,0,8,8,0,0,0.68
4,NA,NA,base,interview,2024-12-04T09:00:35Z,1,2,21,3,1,4,3,2,1,1,2,2,3,4,2,1,1,3,1,3,1,2,3,2,1,4,1,2,1,1,1,4,1,2,1,4,2,3,6,23,43,18,38,25,31,2,186,NA,2024-12-04T09:03:41Z,NA,1,0,8,8,0,0,0.96
5,NA,NA,base,interview,2024-12-04T09:13:32Z,1,2,22,3,1,3,3,1,2,3,3,1,3,3,1,2,3,2,3,2,2,2,2,2,2,4,2,1,1,2,1,2,2,2,2,2,2,2,11,8,36,18,55,28,25,1,182,NA,2024-12-04T09:16:34Z,NA,1,0,8,8,0,0,1.14
6,NA,NA,base,interview,2024-12-04T09:24:25Z,1,2,22,3,2,2,2,2,2,2,2,2,2,4,2,2,2,3,2,2,2,2,3,2,2,2,1,2,3,1,2,3,1,2,4,2,2,2,8,26,61,26,47,35,28,3,234,NA,2024-12-04T09:28:19Z,NA,1,0,8,8,0,0,0.74
7,NA,NA,base,interview,2024-12-04T09:42:48Z,1,2,34,2,1,1,2,1,3,1,1,1,2,3,1,1,1,1,3,3,2,1,3,1,1,2,1,2,1,1,1,1,1,2,4,2,2,2,56,9,37,20,38,51,26,4,190,NA,2024-12-04T09:46:49Z,NA,1,0,8,8,0,0,0.83
8,NA,NA,base,interview,2024-12-04T10:29:44Z,1,2,19,3,2,3,4,3,2,2,3,4,2,3,3,2,3,3,3,2,3,2,2,4,2,4,2,2,2,2,2,1,2,2,2,2,1,-1,38,16,34,13,34,29,21,3,155,NA,2024-12-04T10:32:52Z,NA,1,0,8,8,0,0,0.98
9,NA,NA,base,interview,2024-12-04T10:42:15Z,1,2,20,4,3,3,3,2,2,3,4,3,2,3,2,3,3,3,2,1,3,2,3,4,3,4,4,3,3,2,2,3,2,1,1,2,1,2,15,19,34,19,39,34,28,3,191,NA,2024-12-04T10:45:26Z,NA,1,0,8,8,0,0,0.86
11,NA,NA,base,interview,2024-12-04T10:43:18Z,1,2,20,4,3,2,1,3,3,2,3,3,1,4,2,1,1,1,3,3,2,3,3,3,1,3,1,1,1,1,1,2,1,2,2,2,3,2,11,69,53,15,38,25,23,2,178,NA,2024-12-04T10:47:14Z,NA,1,0,8,8,0,0,0.92
14,NA,NA,base,interview,2024-12-04T10:54:01Z,1,2,20,3,3,3,3,3,2,1,3,3,2,3,3,3,3,2,2,3,3,2,1,3,1,3,2,2,2,2,3,1,3,2,2,2,3,2,8,30,46,61,45,37,34,2,221,NA,2024-12-04T10:58:24Z,NA,1,0,8,8,0,0,0.73
15,NA,NA,base,interview,2024-12-04T10:54:12Z,1,2,21,4,3,4,3,3,3,4,4,3,3,3,4,4,3,4,4,2,4,4,3,4,2,4,3,2,2,2,1,3,2,3,3,1,3,3,5,13,47,25,47,66,25,1,229,NA,2024-12-04T10:58:01Z,NA,1,0,8,8,0,0,1
17,NA,NA,base,interview,2024-12-04T11:10:08Z,1,2,21,1,1,2,2,1,1,1,1,1,2,1,1,1,1,1,1,1,1,1,1,2,1,3,1,1,1,1,2,2,2,1,1,1,1,1,6,7,25,9,28,20,21,1,117,NA,2024-12-04T11:12:05Z,NA,1,0,8,8,0,0,1.58
18,NA,NA,base,interview,2024-12-04T11:12:30Z,1,2,21,4,4,4,3,4,2,3,3,3,3,4,4,4,3,3,2,1,2,1,2,1,1,4,1,1,1,1,1,2,2,2,2,1,1,2,3,6,37,15,149,29,29,2,159,NA,2024-12-04T11:17:00Z,NA,1,0,8,8,0,0,1.16
19,NA,NA,base,interview,2024-12-04T11:12:57Z,1,2,25,1,1,2,1,1,1,1,1,1,1,3,1,1,1,1,1,1,1,1,1,1,-9,4,1,1,1,1,2,2,4,2,4,1,1,2,6,11,20,9,20,17,10,5,95,NA,2024-12-04T11:14:35Z,NA,1,0,8,8,0,0,1.66
20,NA,NA,base,interview,2024-12-04T11:14:22Z,1,2,20,4,3,4,4,3,2,3,3,3,3,3,2,2,3,2,4,2,4,2,4,4,1,4,3,2,2,2,1,3,1,3,1,2,2,2,4,6,43,13,28,22,23,2,141,NA,2024-12-04T11:16:43Z,NA,1,0,8,8,0,0,1.33
21,NA,NA,base,interview,2024-12-04T11:15:09Z,1,1,21,3,1,3,2,1,1,3,4,2,2,1,1,1,2,3,3,2,4,2,2,2,1,3,2,1,1,1,1,4,2,1,1,2,2,3,15,8,36,15,27,29,21,1,152,NA,2024-12-04T11:17:41Z,NA,1,0,8,8,0,0,1.26
23,NA,NA,base,interview,2024-12-04T11:18:34Z,1,2,20,2,2,3,1,3,1,4,3,2,-9,2,3,1,3,1,4,1,2,3,4,4,1,1,3,2,4,1,3,1,3,3,2,3,-1,3,4,7,33,13,34,29,22,2,144,NA,2024-12-04T11:20:58Z,NA,1,0,8,8,0,0,1.27
24,NA,NA,base,interview,2024-12-04T11:22:21Z,1,1,19,3,1,3,3,3,1,1,2,3,3,1,3,2,3,2,4,3,2,3,2,3,3,2,2,4,4,3,3,1,1,1,4,1,1,1,6,8,40,7,8,5,17,1,92,NA,2024-12-04T11:23:53Z,NA,1,0,8,8,0,0,1.95
25,NA,NA,base,interview,2024-12-04T11:23:21Z,1,1,25,3,1,2,2,1,3,1,2,2,2,3,1,2,2,2,3,2,2,2,1,3,2,4,2,2,1,1,1,1,1,1,2,3,1,2,26,10,38,14,30,24,23,1,145,NA,2024-12-04T11:26:07Z,NA,1,0,8,8,0,0,1.21
26,NA,NA,base,interview,2024-12-04T11:31:20Z,1,2,19,3,3,3,2,2,1,3,2,3,2,2,2,2,2,2,2,1,1,2,2,3,1,3,1,1,3,1,3,3,2,2,3,2,2,2,3,9,42,15,33,31,47,2,182,NA,2024-12-04T11:34:22Z,NA,1,0,8,8,0,0,1.13
28,NA,NA,base,interview,2024-12-04T11:38:11Z,1,2,20,3,2,3,1,1,3,4,4,2,2,3,2,1,3,2,3,2,4,2,3,1,1,4,3,3,3,1,2,2,2,3,2,-1,3,3,3,9,58,18,46,45,38,3,220,NA,2024-12-04T11:41:51Z,NA,1,0,8,8,0,0,0.96
29,NA,NA,base,interview,2024-12-04T11:42:55Z,1,2,21,3,1,3,1,1,1,3,3,1,1,1,1,1,2,1,3,1,3,1,2,4,1,3,3,1,1,1,1,4,2,3,3,3,3,3,8,10,39,19,39,26,29,3,173,NA,2024-12-04T11:45:48Z,NA,1,0,8,8,0,0,0.97
30,NA,NA,base,interview,2024-12-04T11:43:55Z,1,1,22,2,1,3,3,1,1,3,2,1,3,3,1,2,2,1,2,1,1,2,3,3,2,4,3,1,1,1,2,1,3,2,1,2,2,2,8,12,42,27,33,38,25,3,188,NA,2024-12-04T11:47:03Z,NA,1,0,8,8,0,0,0.89
31,NA,NA,base,interview,2024-12-04T11:54:32Z,1,2,21,3,2,3,3,4,2,2,3,1,3,4,3,2,2,3,3,1,3,3,3,4,3,4,2,2,2,2,2,2,1,3,2,3,2,3,4,19,48,22,38,29,70,2,190,NA,2024-12-04T11:58:24Z,NA,1,0,8,8,0,0,0.9
32,NA,NA,base,interview,2024-12-04T12:00:11Z,1,2,19,3,1,3,3,1,2,1,3,3,1,2,1,1,3,2,2,1,3,2,3,1,1,4,3,3,4,1,3,3,2,1,3,1,1,1,3,14,102,42,73,61,39,2,278,NA,2024-12-04T12:05:47Z,NA,1,0,8,8,0,0,0.76
33,NA,NA,base,interview,2024-12-04T12:11:57Z,1,2,24,3,3,3,3,2,2,2,2,2,1,3,3,2,2,1,1,1,1,1,1,1,1,1,4,2,2,1,2,3,1,1,1,1,1,1,4,7,34,18,29,37,23,1,153,NA,2024-12-04T12:14:30Z,NA,1,0,8,8,0,0,1.32
34,NA,NA,base,interview,2024-12-04T12:13:21Z,1,2,20,4,4,4,4,3,2,3,4,4,4,4,4,4,4,4,4,4,4,4,4,4,4,4,4,4,4,3,2,3,1,2,2,3,4,4,3,9,36,16,26,40,36,2,168,NA,2024-12-04T12:16:09Z,NA,1,0,8,8,0,0,1.17
35,NA,NA,base,interview,2024-12-04T12:16:26Z,1,2,22,2,1,2,3,3,1,1,1,2,3,1,3,1,2,2,1,1,2,1,1,2,1,2,4,1,1,1,1,4,1,1,1,1,1,2,6,11,80,43,26,87,22,1,252,NA,2024-12-04T12:21:02Z,NA,1,0,8,8,0,0,0.99
36,NA,NA,base,interview,2024-12-04T12:20:11Z,1,2,21,4,3,3,3,3,4,3,4,3,3,4,3,3,4,4,4,4,4,4,4,3,3,4,3,2,1,2,1,3,2,4,3,3,3,4,15,24,47,22,39,55,31,10,235,NA,2024-12-04T12:24:14Z,NA,1,0,8,8,0,0,0.66
37,NA,NA,base,interview,2024-12-04T12:28:27Z,1,1,23,2,1,3,3,1,1,2,3,1,1,3,1,1,2,3,2,3,3,2,2,3,2,3,2,1,3,1,1,2,2,2,2,4,2,2,3,8,264,29,52,53,41,1,231,NA,2024-12-04T12:35:58Z,NA,1,0,8,8,0,0,0.98
38,NA,NA,base,interview,2024-12-04T12:44:17Z,1,2,23,3,3,4,3,4,2,2,3,3,3,3,4,3,1,2,2,3,2,2,2,3,2,3,2,2,2,2,1,2,3,2,3,1,2,3,5,7,26,11,22,23,19,3,116,NA,2024-12-04T12:46:13Z,NA,1,0,8,8,0,0,1.41
39,NA,NA,base,interview,2024-12-04T12:51:21Z,1,2,23,2,2,3,2,2,3,1,4,2,4,2,4,2,4,2,2,4,1,3,2,3,2,3,3,3,2,3,2,2,3,-1,-1,-1,-1,-1,3,10,8,5,5,4,9,2,46,NA,2024-12-04T12:52:07Z,NA,1,0,8,8,0,0,2.34
40,NA,NA,base,interview,2024-12-04T13:10:21Z,1,2,20,3,2,3,2,2,1,1,3,2,2,4,2,2,3,3,3,3,4,3,3,1,1,4,3,1,1,2,1,2,2,3,2,3,3,3,15,33,93,93,134,72,36,4,288,NA,2024-12-04T13:18:21Z,NA,1,0,8,8,0,0,0.42
41,NA,NA,base,interview,2024-12-04T13:18:24Z,1,2,20,4,1,1,3,1,2,1,2,1,1,2,2,1,1,2,2,1,2,1,2,2,1,3,1,1,2,1,2,3,2,2,2,2,2,2,4,8,42,21,37,26,46,2,186,NA,2024-12-04T13:21:30Z,NA,1,0,8,8,0,0,1.06
42,NA,NA,base,interview,2024-12-04T13:19:00Z,2,-9,-9,-9,-9,-9,-9,-9,-9,-9,-9,-9,-9,-9,-9,-9,-9,-9,-9,-9,-9,-9,-9,-9,-9,-9,-9,-9,-9,-9,-9,-9,-9,-9,-9,-9,-9,-9,-9,-9,-9,-9,-9,-9,-9,-9,-9,-9,2024-12-04T13:22:22Z,-9,0,0,2,-9,100,100,-9
43,NA,NA,base,interview,2024-12-04T13:22:43Z,1,1,25,4,2,1,4,3,4,3,4,3,4,4,2,3,4,1,4,3,4,2,1,1,3,4,4,4,3,2,2,3,3,4,3,2,3,4,5,14,62,23,51,62,34,3,254,NA,2024-12-04T13:26:57Z,NA,1,0,8,8,0,0,0.76
44,NA,NA,base,interview,2024-12-04T13:32:21Z,1,2,27,3,2,3,3,2,1,3,3,1,3,2,2,2,3,3,4,1,2,4,3,4,1,4,3,2,2,2,1,2,2,3,3,1,2,3,8,8,40,17,29,28,18,3,151,NA,2024-12-04T13:34:52Z,NA,1,0,8,8,0,0,1.12
45,NA,NA,base,interview,2024-12-04T13:50:03Z,1,1,30,1,2,3,2,3,3,2,1,4,2,2,3,2,2,3,2,3,3,2,2,1,2,3,2,1,2,1,2,2,3,1,3,3,3,2,13,14,27,13,17,15,34,6,135,NA,2024-12-04T13:52:22Z,NA,1,0,8,8,0,0,1.24
46,NA,NA,base,interview,2024-12-04T14:10:46Z,1,2,20,4,1,2,4,1,2,4,4,2,4,3,1,2,4,4,4,4,4,4,4,4,2,4,1,1,1,1,2,3,3,2,3,3,4,3,3,8,43,23,38,27,33,1,176,NA,2024-12-04T14:13:42Z,NA,1,0,8,8,0,0,1.25
47,NA,NA,base,interview,2024-12-04T14:16:04Z,1,1,23,3,2,3,2,2,2,1,2,2,2,2,2,2,2,2,2,2,2,2,2,2,2,2,2,2,2,2,2,2,2,2,3,2,1,1,3,8,50,15,43,18,22,2,161,NA,2024-12-04T14:18:45Z,NA,1,0,8,8,0,0,1.28
48,NA,NA,base,interview,2024-12-04T14:17:34Z,1,2,28,3,1,2,2,1,1,1,2,1,2,2,1,2,2,2,2,1,1,2,1,1,2,2,2,2,3,1,3,3,2,3,3,2,2,3,2,15,48,21,49,47,35,1,218,NA,2024-12-04T14:21:12Z,NA,1,0,8,8,0,0,1.17
49,NA,NA,base,interview,2024-12-04T14:23:57Z,1,2,20,3,2,3,3,3,2,2,3,3,3,3,3,2,2,3,-9,2,3,2,2,3,2,3,3,1,1,2,2,2,2,2,2,2,2,3,3,12,31,15,27,20,17,2,127,NA,2024-12-04T14:26:04Z,NA,1,0,8,8,0,0,1.38
50,NA,NA,base,interview,2024-12-04T14:35:35Z,1,1,19,3,1,3,3,1,1,2,2,2,2,2,1,1,2,1,1,1,1,1,1,1,2,3,1,1,1,1,1,1,1,1,1,1,1,2,5,6,58,14,24,53,18,1,179,NA,2024-12-04T14:38:34Z,NA,1,0,8,8,0,0,1.33
51,NA,NA,base,interview,2024-12-04T14:35:54Z,1,2,23,3,3,3,3,3,4,2,3,3,3,4,3,3,2,3,3,3,3,2,2,3,2,3,2,3,4,2,3,3,2,2,2,3,3,3,3,8,70,52,52,500,130,2,217,NA,2024-12-04T14:49:31Z,NA,1,0,8,8,0,0,0.75
52,NA,NA,base,interview,2024-12-04T14:39:02Z,1,2,19,4,4,4,4,4,4,4,4,4,4,4,4,4,4,4,2,4,3,3,3,4,4,4,3,3,3,4,2,3,3,2,1,1,2,3,3,8,61,12,38,70,27,1,220,NA,2024-12-04T14:42:42Z,NA,1,0,8,8,0,0,1.23
53,NA,NA,base,interview,2024-12-04T14:56:38Z,1,2,21,3,2,4,3,4,2,2,3,3,3,4,4,2,3,4,3,2,3,2,2,4,2,4,2,2,2,2,2,2,2,2,2,3,2,2,4,20,33,25,32,28,24,7,168,NA,2024-12-04T14:59:31Z,NA,1,0,8,8,0,0,0.97
55,NA,NA,base,interview,2024-12-04T15:25:56Z,1,2,20,2,2,3,2,3,1,2,2,3,2,2,3,2,3,1,2,1,2,3,2,3,2,2,1,2,3,1,1,2,2,2,2,1,1,1,7,16,72,38,58,100,40,5,268,NA,2024-12-04T15:31:32Z,NA,1,0,8,8,0,0,0.57
56,NA,NA,base,interview,2024-12-04T15:47:17Z,1,1,21,4,1,3,1,1,3,4,4,1,2,3,1,2,2,2,4,2,3,4,4,2,2,4,2,1,2,1,2,3,2,3,1,4,2,3,19,14,44,45,45,71,24,3,225,NA,2024-12-04T15:51:42Z,NA,1,0,8,8,0,0,0.7
57,NA,NA,base,interview,2024-12-04T15:54:50Z,1,1,19,4,2,3,3,2,2,4,3,2,2,4,1,2,3,2,3,1,3,3,3,3,1,4,2,1,1,1,1,1,2,2,1,1,1,2,4,8,45,25,27,24,34,2,169,NA,2024-12-04T15:57:39Z,NA,1,0,8,8,0,0,1.12
59,NA,NA,base,interview,2024-12-04T16:39:37Z,1,2,19,3,2,3,3,3,2,4,3,3,3,3,3,3,4,2,3,2,3,2,3,4,2,4,3,2,2,2,3,3,2,2,2,2,3,2,8,35,72,26,38,47,51,12,255,NA,2024-12-04T16:44:26Z,NA,1,0,8,8,0,0,0.59
60,NA,NA,base,interview,2024-12-04T17:53:32Z,1,2,33,3,1,2,3,1,1,2,3,1,1,2,1,1,2,1,3,1,2,1,1,4,2,3,1,1,3,1,1,3,2,2,1,2,2,3,4,7,48,18,40,40,37,3,197,NA,2024-12-04T17:56:49Z,NA,1,0,8,8,0,0,1
61,NA,NA,base,interview,2024-12-04T17:55:59Z,1,2,28,4,1,3,3,1,1,1,3,3,1,3,2,1,2,2,1,2,2,1,1,1,4,3,3,1,2,1,3,1,1,1,1,1,2,3,3,24,118,46,43,59,71,7,222,NA,2024-12-04T18:02:10Z,NA,1,0,8,8,0,0,0.63
62,NA,NA,base,interview,2024-12-04T18:24:43Z,1,2,21,4,4,4,3,4,4,3,3,3,2,4,3,3,1,1,2,1,3,3,3,3,2,3,1,1,1,1,2,2,2,3,3,2,3,2,4,8,52,18,45,36,83,8,193,NA,2024-12-04T18:28:57Z,NA,1,0,8,8,0,0,0.86
63,NA,NA,base,interview,2024-12-04T18:39:21Z,1,2,24,3,3,4,3,4,3,4,4,2,3,4,4,4,4,4,4,2,3,4,4,4,2,4,2,3,2,3,3,1,2,4,1,4,3,4,5,9,61,15,22,82,27,2,223,NA,2024-12-04T18:43:04Z,NA,1,0,8,8,0,0,1.04
64,NA,NA,base,interview,2024-12-04T19:31:36Z,1,2,21,3,3,3,2,3,2,2,3,3,3,3,2,3,2,2,2,2,3,2,2,3,2,3,3,2,3,2,2,3,2,2,2,2,2,3,3,12,31,17,28,26,20,1,138,NA,2024-12-04T19:33:54Z,NA,1,0,8,8,0,0,1.4
66,NA,NA,base,interview,2024-12-04T20:16:44Z,1,2,32,1,1,1,1,1,1,1,1,1,1,1,1,1,1,1,1,1,1,1,1,1,1,1,1,2,1,1,1,2,1,1,2,1,1,-1,3,6,34,9,34,47,42,1,176,NA,2024-12-04T20:19:40Z,NA,1,0,8,8,0,0,1.42
67,NA,NA,base,interview,2024-12-04T20:33:25Z,1,2,22,3,2,2,3,2,2,3,3,3,3,4,3,2,4,2,4,4,4,2,2,2,2,4,3,2,3,2,3,3,2,2,2,3,3,2,5,10,73,63,113,59,56,2,262,NA,2024-12-04T20:39:46Z,NA,1,0,8,8,0,0,0.67
68,NA,NA,base,interview,2024-12-04T21:06:17Z,1,2,18,3,3,3,4,3,1,3,3,3,4,3,2,2,3,3,3,1,3,2,3,3,2,4,3,2,3,1,3,3,2,2,2,2,3,2,4,9,39,16,27,26,16,2,139,NA,2024-12-04T21:08:36Z,NA,1,0,8,8,0,0,1.28
69,NA,NA,base,interview,2024-12-05T00:24:34Z,1,2,18,4,2,4,4,3,2,3,3,3,3,3,3,2,2,3,3,2,3,3,3,4,2,3,2,1,1,2,2,2,2,2,4,-9,4,2,11,8,35,26,34,42,20,4,180,NA,2024-12-05T00:27:34Z,NA,1,0,8,8,0,0,0.95
70,NA,NA,base,interview,2024-12-05T00:33:08Z,1,1,20,2,3,3,1,2,3,2,2,3,3,4,2,2,2,2,2,3,2,2,3,3,1,3,3,2,2,2,2,3,3,1,1,1,2,1,3,18,45,23,45,36,39,3,212,NA,2024-12-05T00:36:40Z,NA,1,0,8,8,0,0,0.91
71,NA,NA,base,interview,2024-12-05T09:30:13Z,1,1,19,3,2,3,2,3,3,1,2,1,2,2,2,1,2,1,1,2,2,1,1,1,1,3,1,2,4,1,3,2,1,1,4,1,1,2,4,8,41,17,29,33,21,2,155,NA,2024-12-05T09:32:48Z,NA,1,0,8,8,0,0,1.18
72,NA,NA,base,interview,2024-12-05T09:44:55Z,1,2,19,3,2,3,2,2,1,2,3,2,2,3,3,2,3,3,3,1,2,1,2,4,2,3,3,2,3,2,2,2,3,1,3,3,1,2,11,18,59,94,47,23,30,2,209,NA,2024-12-05T09:49:39Z,NA,1,0,8,8,0,0,0.78
73,NA,NA,base,interview,2024-12-05T10:03:09Z,1,2,22,3,1,3,2,1,1,1,2,1,2,2,1,1,1,2,2,1,2,4,2,3,1,4,2,2,1,1,3,2,2,3,2,3,3,2,2,5,52,14,34,42,63,1,178,NA,2024-12-05T10:06:42Z,NA,1,0,8,8,0,0,1.4
74,NA,NA,base,interview,2024-12-05T10:58:59Z,1,2,21,4,4,4,4,3,4,4,3,2,2,-9,4,3,2,2,3,1,2,3,3,4,2,4,2,2,4,2,3,4,3,4,1,2,3,1,4,10,147,64,29,672,25,2,168,NA,2024-12-05T11:14:52Z,NA,1,0,8,8,0,0,0.8
75,NA,NA,base,interview,2024-12-05T10:59:38Z,1,3,21,4,2,4,4,2,2,4,3,2,3,3,2,2,4,4,3,2,3,3,2,4,3,4,3,3,2,3,2,2,3,4,1,4,3,4,4,11,36,20,35,112,17,2,160,NA,2024-12-05T11:03:35Z,NA,1,0,8,8,0,0,1.05
76,NA,NA,base,interview,2024-12-05T11:59:27Z,1,2,20,4,3,4,4,3,2,4,4,4,3,4,3,2,4,4,3,2,4,3,3,4,2,4,3,3,4,2,3,3,2,3,1,2,3,4,4,14,29,12,23,25,18,4,129,NA,2024-12-05T12:01:36Z,NA,1,0,8,8,0,0,1.28
77,NA,1636,base,interview,2024-12-05T12:06:10Z,1,2,19,4,2,3,2,1,3,2,3,3,2,3,1,2,3,2,3,2,3,2,3,2,2,3,3,2,2,2,2,3,1,2,3,3,3,3,22,28,33,19,36,28,6587,3,180,NA,2024-12-05T13:58:46Z,NA,1,0,8,8,0,0,0.74
78,NA,NA,base,interview,2024-12-05T12:13:06Z,1,1,19,4,2,2,3,3,2,3,4,4,3,3,2,2,3,2,4,2,4,3,3,4,2,4,3,2,2,1,2,3,3,-1,2,4,4,4,4,10,43,73,35,41,22,2,176,NA,2024-12-05T12:16:56Z,NA,1,0,8,8,0,0,0.97
79,NA,NA,base,interview,2024-12-05T12:13:36Z,1,2,25,3,3,3,2,3,2,2,3,3,3,2,2,2,2,2,1,1,2,2,2,3,2,3,2,2,2,2,3,2,2,1,2,3,-1,-1,7,7,32,15,30,21,19,1,132,NA,2024-12-05T12:15:49Z,NA,1,0,8,8,0,0,1.41
80,NA,NA,base,interview,2024-12-05T12:16:13Z,1,2,22,3,2,3,2,1,2,2,3,2,2,3,2,2,3,3,1,2,3,1,1,1,1,3,2,2,2,1,2,3,2,1,1,1,2,2,4,8,44,17,34,36,28,2,173,NA,2024-12-05T12:19:06Z,NA,1,0,8,8,0,0,1.1
81,NA,NA,base,interview,2024-12-05T12:47:53Z,1,2,22,3,2,2,3,2,3,2,4,3,2,2,1,2,1,1,3,1,3,2,2,2,1,4,2,2,2,2,-9,3,3,4,1,-1,-1,-1,7,9,22,18,49,11,11,2,129,NA,2024-12-05T12:50:02Z,NA,1,0,8,8,0,0,1.53
82,NA,NA,base,interview,2024-12-05T13:11:43Z,1,2,19,4,2,3,3,1,3,3,4,3,3,4,2,2,4,3,3,3,4,2,2,4,1,4,3,3,2,2,1,2,2,3,3,3,2,4,5,10,32,14,32,25,17,1,136,NA,2024-12-05T13:13:59Z,NA,1,0,8,8,0,0,1.38
83,NA,NA,base,interview,2024-12-05T13:40:10Z,1,2,21,3,2,3,4,2,3,2,3,3,3,3,2,2,3,2,3,3,3,2,3,3,2,3,2,2,2,2,2,3,2,3,2,1,2,2,4,7,29,15,32,18,23,2,130,NA,2024-12-05T13:42:20Z,NA,1,0,8,8,0,0,1.36
84,NA,NA,base,interview,2024-12-05T13:51:39Z,1,1,27,3,1,3,2,2,3,3,3,2,2,3,1,1,3,2,3,4,3,2,2,3,3,4,3,2,3,2,2,3,3,3,2,2,3,4,4,9,54,22,37,92,24,2,244,NA,2024-12-05T13:55:43Z,NA,1,0,8,8,0,0,0.96
85,NA,NA,base,interview,2024-12-05T13:57:01Z,1,2,22,2,2,2,3,2,2,2,2,2,2,1,1,1,2,3,1,1,2,1,2,3,1,3,3,3,3,2,3,3,3,2,2,2,2,3,8,22,29,20,34,34,19,2,168,NA,2024-12-05T13:59:49Z,NA,1,0,8,8,0,0,1.02
86,NA,NA,base,interview,2024-12-05T14:39:59Z,1,2,25,3,1,2,3,1,1,1,1,1,2,3,1,1,1,1,2,1,1,1,1,2,1,3,2,1,2,1,1,4,1,1,3,2,1,1,8,10,57,26,41,68,34,4,248,NA,2024-12-05T14:44:07Z,NA,1,0,8,8,0,0,0.74
87,NA,NA,base,interview,2024-12-05T15:18:15Z,1,2,20,4,2,2,4,1,2,4,4,3,3,2,1,2,3,3,3,1,3,2,3,3,1,4,4,2,3,2,4,4,3,3,3,2,4,4,20,14,49,21,34,35,32,2,192,NA,2024-12-05T15:21:42Z,NA,1,0,8,8,0,0,0.85
88,NA,NA,base,interview,2024-12-05T15:19:45Z,1,2,21,3,2,2,3,3,2,1,3,3,3,2,2,3,3,3,3,2,3,3,2,3,2,3,2,2,2,2,2,2,2,2,2,3,3,3,4,11,36,18,33,27,26,1,156,NA,2024-12-05T15:22:21Z,NA,1,0,8,8,0,0,1.25
89,NA,NA,base,interview,2024-12-05T15:31:09Z,1,2,21,4,3,3,4,3,3,3,3,3,3,3,2,1,4,4,2,3,3,3,2,4,4,4,2,2,2,1,1,3,2,2,1,2,2,2,17,62,32,17,675,44,21,1,169,NA,2024-12-05T15:45:38Z,NA,1,0,8,8,0,0,0.89
90,NA,NA,base,interview,2024-12-05T15:37:55Z,1,2,21,3,2,3,2,2,3,3,3,3,3,3,2,1,2,2,3,2,3,3,3,3,2,3,3,2,3,1,2,2,2,3,2,4,2,4,17,22,59,39,30,56,28,2,241,NA,2024-12-05T15:42:08Z,NA,1,0,8,8,0,0,0.74
91,NA,NA,base,interview,2024-12-05T15:53:22Z,1,2,22,4,2,3,3,2,2,3,3,2,2,2,2,2,4,2,3,2,3,2,3,3,2,4,3,2,2,2,2,3,3,-1,2,2,2,2,4,11,56,26,55,31,34,3,220,NA,2024-12-05T15:57:02Z,NA,1,0,8,8,0,0,0.88
92,NA,NA,base,interview,2024-12-05T16:11:28Z,1,2,19,3,1,3,3,1,3,1,3,1,1,1,2,1,2,1,1,3,1,2,2,1,1,3,4,-9,1,1,1,1,1,1,1,3,1,1,10,25,32,277,188,63,88,2,217,NA,2024-12-05T16:22:53Z,NA,1,0,8,8,0,0,0.55
93,NA,NA,base,interview,2024-12-05T16:25:04Z,1,2,20,3,3,3,2,2,1,2,2,3,1,3,2,2,2,2,2,1,2,1,1,1,1,3,1,2,1,1,1,3,1,1,1,1,1,1,4,8,36,102,146,71,46,2,224,NA,2024-12-05T16:31:59Z,NA,1,0,8,8,0,0,0.79
94,NA,NA,base,interview,2024-12-05T16:40:10Z,1,1,21,4,1,1,1,1,1,1,3,1,1,1,1,1,4,1,3,1,4,1,1,3,2,4,2,2,1,1,1,2,3,1,3,3,4,3,4,10,25,16,31,28,23,1,138,NA,2024-12-05T16:42:28Z,NA,1,0,8,8,0,0,1.37
95,NA,NA,base,interview,2024-12-05T16:48:55Z,1,2,22,4,3,3,2,2,2,1,3,2,1,2,2,2,4,2,3,2,3,3,3,3,1,4,3,1,1,1,1,3,1,3,3,2,3,4,41,12,90,27,82,95,33,2,286,NA,2024-12-05T16:55:17Z,NA,1,0,8,8,0,0,0.61
96,NA,NA,base,interview,2024-12-05T16:50:21Z,1,2,20,3,1,3,3,1,2,1,2,1,3,2,1,1,2,2,3,2,2,2,3,1,2,4,4,2,3,1,2,2,1,2,2,2,1,3,4,11,40,17,44,34,25,2,177,NA,2024-12-05T16:53:18Z,NA,1,0,8,8,0,0,1.05
97,NA,NA,base,interview,2024-12-05T16:54:02Z,1,2,20,4,3,4,4,4,4,4,4,3,4,4,4,4,4,4,3,3,3,4,2,2,3,4,1,3,3,3,3,2,2,1,3,1,1,1,11,9,1139,192,66,44,28,7,223,NA,2024-12-05T17:18:59Z,NA,1,0,8,8,0,0,0.55
98,NA,NA,base,interview,2024-12-05T17:02:45Z,1,1,21,4,2,3,3,2,2,4,4,3,2,3,3,2,3,2,3,4,4,2,3,4,2,3,2,2,3,2,3,2,2,3,3,2,3,2,6,17,48,26,39,35,35,3,209,NA,2024-12-05T17:06:14Z,NA,1,0,8,8,0,0,0.82
99,NA,NA,base,interview,2024-12-05T17:27:33Z,1,1,23,2,2,2,3,3,1,2,2,3,1,3,3,1,1,2,2,1,2,1,1,2,1,2,4,1,2,1,1,1,2,2,3,2,1,1,4,11,52,23,30,33,19,3,175,NA,2024-12-05T17:30:28Z,NA,1,0,8,8,0,0,1.04
100,NA,NA,base,interview,2024-12-05T18:08:53Z,1,2,20,3,1,2,2,1,1,3,3,3,1,2,1,1,2,1,2,1,3,1,1,3,1,3,1,1,1,1,1,2,1,2,3,1,3,2,4,18,40,24,87,71,44,1,240,NA,2024-12-05T18:13:42Z,NA,1,0,8,8,0,0,0.91
101,NA,NA,base,interview,2024-12-05T18:11:54Z,1,1,20,2,2,3,3,1,1,2,1,3,1,2,2,1,1,3,1,1,2,2,2,2,1,3,1,1,1,2,2,2,1,1,4,1,2,2,4,9,43,17,56,30,31,2,192,NA,2024-12-05T18:15:06Z,NA,1,0,8,8,0,0,1.04
102,NA,NA,base,interview,2024-12-05T18:21:59Z,1,2,21,3,2,3,3,1,3,3,3,2,3,3,1,2,3,3,2,2,3,3,3,2,1,3,3,1,1,1,1,3,2,2,3,3,3,3,9,25,89,29,50,47,52,2,303,NA,2024-12-05T18:27:02Z,NA,1,0,8,8,0,0,0.65
103,NA,NA,base,interview,2024-12-05T18:23:37Z,1,2,21,4,3,4,3,4,3,3,3,3,3,4,4,3,3,3,2,3,3,2,2,2,1,3,1,2,2,1,2,3,1,1,1,1,2,1,7,33,45,16,57,65,30,3,234,NA,2024-12-05T18:27:53Z,NA,1,0,8,8,0,0,0.75
104,NA,NA,base,interview,2024-12-05T18:47:46Z,1,1,21,2,2,1,1,1,1,2,2,1,4,3,1,1,1,1,4,3,2,3,4,1,1,2,3,4,4,2,4,1,4,-1,3,2,4,3,6,7,126,23,30,23,34,2,169,NA,2024-12-05T18:51:57Z,NA,1,0,8,8,0,0,1.02
105,NA,NA,base,interview,2024-12-05T19:08:53Z,1,1,20,3,1,1,3,1,1,2,3,1,1,3,1,1,1,1,1,2,3,1,3,1,3,2,1,2,1,1,1,1,1,2,1,2,2,2,9,9,45,29,58,42,25,2,219,NA,2024-12-05T19:12:32Z,NA,1,0,8,8,0,0,0.87
106,NA,NA,base,interview,2024-12-05T19:16:30Z,1,1,23,2,3,3,2,4,2,4,3,4,3,4,2,3,3,3,4,3,3,2,4,2,3,4,3,2,3,2,3,3,3,2,1,2,3,4,3,11,51,24,62,62,53,1,267,NA,2024-12-05T19:20:57Z,NA,1,0,8,8,0,0,1
107,NA,NA,base,interview,2024-12-05T19:42:55Z,1,2,22,3,2,4,3,2,2,4,4,1,3,3,2,2,4,2,3,3,4,3,2,3,1,4,3,2,2,2,1,3,3,-1,2,2,-1,3,18,11,67,28,184,87,30,4,270,NA,2024-12-05T19:50:04Z,NA,1,0,8,8,0,0,0.58
108,NA,NA,base,interview,2024-12-05T20:30:44Z,1,2,20,3,2,2,1,1,1,1,2,1,1,3,1,1,1,4,2,1,1,2,2,4,1,3,1,2,3,1,3,2,2,2,1,1,1,1,8,43,91,40,56,51,56,7,315,NA,2024-12-05T20:36:36Z,NA,1,0,8,8,0,0,0.5
109,NA,NA,base,interview,2024-12-05T20:31:26Z,1,2,24,3,2,3,3,3,3,3,3,3,3,3,2,3,2,3,3,2,2,3,3,3,2,3,2,2,2,2,2,2,1,1,1,4,1,2,4,19,43,21,103,41,35,4,205,NA,2024-12-05T20:35:56Z,NA,1,0,8,8,0,0,0.78
110,NA,NA,base,interview,2024-12-05T21:45:30Z,1,2,20,4,4,4,3,4,2,3,3,4,3,4,4,3,3,3,4,2,3,4,3,4,2,4,3,3,3,2,3,3,3,3,2,2,2,2,3,8,27,16,33,27,31,2,147,NA,2024-12-05T21:47:57Z,NA,1,0,8,8,0,0,1.27
111,NA,NA,base,interview,2024-12-05T21:46:03Z,1,2,29,3,1,1,1,1,1,3,3,1,2,2,2,1,2,1,3,1,2,1,3,3,1,3,2,3,3,1,2,2,3,2,2,1,1,1,3,13,42,25,33,34,38,1,189,NA,2024-12-05T21:49:12Z,NA,1,0,8,8,0,0,1.15
112,NA,NA,base,interview,2024-12-05T21:59:21Z,1,2,20,4,2,3,3,3,3,3,3,3,2,3,3,2,2,3,3,2,3,3,3,3,1,4,3,2,2,2,2,2,2,-1,2,3,2,2,4,10,33,9,26,17,20,1,120,NA,2024-12-05T22:01:21Z,NA,1,0,8,8,0,0,1.58
113,NA,NA,base,interview,2024-12-05T22:07:48Z,1,1,33,3,2,2,2,2,2,3,3,2,2,3,1,1,3,3,1,1,2,3,1,2,2,4,2,3,3,1,3,3,3,1,2,2,2,2,4,12,47,23,53,28,33,5,202,NA,2024-12-05T22:11:13Z,NA,1,0,8,8,0,0,0.89
114,NA,NA,base,interview,2024-12-05T22:12:36Z,1,1,19,2,2,2,2,2,1,1,3,2,1,3,1,1,2,3,2,2,3,2,3,3,2,2,1,2,2,2,2,2,1,-1,2,1,1,1,6,33,64,23,50,31,38,3,226,NA,2024-12-05T22:16:44Z,NA,1,0,8,8,0,0,0.74
115,NA,NA,base,interview,2024-12-05T22:47:09Z,1,2,21,3,3,3,2,2,2,2,3,3,2,2,2,2,2,3,2,2,2,2,2,2,2,3,2,2,1,2,2,3,2,2,1,2,1,2,3,8,222,17,37,172,27,2,173,NA,2024-12-05T22:55:17Z,NA,1,0,8,8,0,0,0.95
116,NA,NA,base,interview,2024-12-06T09:45:23Z,1,1,24,1,1,1,1,1,1,4,4,1,4,1,1,1,1,1,1,1,4,1,1,1,1,1,4,1,1,1,1,4,4,1,4,1,1,1,7,8,40,10,52,7,17,1,142,NA,2024-12-06T09:47:45Z,NA,1,0,8,8,0,0,1.55
117,NA,NA,base,interview,2024-12-06T10:21:11Z,1,1,20,3,3,4,2,4,2,3,3,3,2,2,3,2,2,2,2,2,2,2,2,3,2,3,2,1,2,1,2,2,2,2,2,3,2,3,34,32,49,24,42,40,30,8,203,NA,2024-12-06T10:25:30Z,NA,1,0,8,8,0,0,0.64
118,NA,NA,base,interview,2024-12-06T10:57:58Z,1,1,20,3,2,3,2,3,1,4,4,4,1,3,3,1,4,1,4,1,4,4,3,4,1,4,3,3,3,2,2,3,2,4,3,4,4,4,11,29,45,33,40,59,26,7,245,NA,2024-12-06T11:02:08Z,NA,1,0,8,8,0,0,0.66
120,NA,NA,base,interview,2024-12-06T13:06:23Z,1,2,22,3,2,3,1,1,2,2,3,3,1,3,2,1,1,2,1,1,2,1,2,1,1,3,1,2,3,1,3,1,1,1,4,1,2,2,5,9,40,15,37,34,16,2,158,NA,2024-12-06T13:09:03Z,NA,1,0,8,8,0,0,1.17
121,NA,NA,base,interview,2024-12-06T14:10:29Z,1,2,21,3,2,3,2,1,2,3,4,3,2,3,1,1,3,2,2,2,3,2,2,3,2,3,2,3,3,1,2,2,3,2,1,3,3,3,7,25,74,34,120,58,62,6,266,NA,2024-12-06T14:16:55Z,NA,1,0,8,8,0,0,0.5
122,NA,NA,base,interview,2024-12-06T15:59:42Z,1,2,22,3,2,3,2,1,2,3,3,1,2,3,1,2,3,2,3,2,3,3,2,4,1,4,2,2,1,2,3,3,2,3,2,2,1,2,9,7,39,18,36,32,20,1,162,NA,2024-12-06T16:02:25Z,NA,1,0,8,8,0,0,1.22
123,NA,NA,base,interview,2024-12-06T17:37:29Z,1,1,21,2,3,3,3,3,1,1,2,3,3,4,4,2,2,3,2,2,2,1,1,3,1,2,1,1,1,3,1,3,1,1,1,1,1,1,9,17,90,18,56,31,45,2,268,NA,2024-12-06T17:41:57Z,NA,1,0,8,8,0,0,0.77
124,NA,NA,base,interview,2024-12-06T17:41:05Z,1,2,19,3,3,2,4,2,2,1,2,2,2,3,2,2,3,2,2,2,2,3,2,2,2,3,2,2,2,2,2,2,1,2,2,2,2,2,5,13,47,25,44,25,22,2,183,NA,2024-12-06T17:44:08Z,NA,1,0,8,8,0,0,1.01
125,NA,NA,base,interview,2024-12-06T18:17:14Z,1,2,20,4,2,3,3,3,2,3,3,3,2,1,2,2,3,2,3,2,3,2,1,2,2,3,2,3,3,2,2,3,2,2,2,2,1,2,24,6,42,19,36,85,22,2,217,NA,2024-12-06T18:21:10Z,NA,1,0,8,8,0,0,0.97
126,NA,NA,base,interview,2024-12-06T19:28:03Z,1,2,20,4,2,2,3,1,2,3,4,2,1,3,2,2,3,2,3,1,3,3,3,3,2,4,2,2,2,1,2,2,1,3,2,3,2,3,4,70,56,62,54,30,46,2,222,NA,2024-12-06T19:33:27Z,NA,1,0,8,8,0,0,0.75
127,NA,NA,base,interview,2024-12-06T23:22:46Z,1,2,39,3,2,3,2,2,2,2,3,3,2,3,2,2,2,2,2,2,2,2,2,2,1,3,3,2,3,3,2,3,2,1,3,2,2,2,10,10,63,27,45,130,105,3,221,NA,2024-12-06T23:29:20Z,NA,1,0,8,8,0,0,0.62
128,NA,NA,base,interview,2024-12-06T23:46:10Z,1,2,19,3,1,3,3,1,1,1,3,2,3,3,1,1,3,3,2,1,3,2,2,-9,1,4,2,2,3,1,2,2,1,2,1,2,1,1,11,24,40,19,30,34,31,4,193,NA,2024-12-06T23:49:23Z,NA,1,0,8,8,0,0,0.84
129,NA,NA,base,interview,2024-12-07T00:20:19Z,1,2,24,4,3,4,3,3,4,2,2,2,2,3,3,3,3,2,2,2,3,3,3,3,2,4,2,2,3,2,2,2,3,2,2,2,3,2,5,10,70,16,57,157,55,2,250,NA,2024-12-07T00:26:31Z,NA,1,0,8,8,0,0,0.78
130,NA,NA,base,interview,2024-12-07T09:41:41Z,1,1,20,3,2,3,3,1,2,2,2,2,3,1,1,1,2,2,2,1,3,4,2,3,1,3,1,1,1,1,1,1,1,2,4,3,1,1,6,10,40,16,40,28,23,1,164,NA,2024-12-07T09:44:25Z,NA,1,0,8,8,0,0,1.2
131,NA,NA,base,interview,2024-12-07T09:47:26Z,1,2,21,2,1,3,3,3,1,2,3,2,2,3,2,1,2,2,2,1,2,2,2,4,1,4,1,2,3,1,1,3,3,2,2,2,2,3,5,10,144,19,43,56,33,2,212,NA,2024-12-07T09:52:38Z,NA,1,0,8,8,0,0,0.84
132,NA,NA,base,interview,2024-12-07T11:15:02Z,1,2,20,3,1,3,2,3,1,2,2,1,1,2,1,1,2,2,1,1,2,1,1,2,1,3,3,2,2,1,1,2,2,1,2,3,3,2,29,28,80,102,79,95,199,3,277,NA,2024-12-07T11:25:17Z,NA,1,0,8,8,0,0,0.37
133,NA,NA,base,interview,2024-12-07T11:49:50Z,1,2,20,3,2,4,2,2,2,3,2,3,2,2,2,2,3,1,2,2,2,1,3,3,1,3,1,2,2,1,3,2,1,1,2,1,1,1,5,13,55,19,45,30,28,3,198,NA,2024-12-07T11:53:08Z,NA,1,0,8,8,0,0,0.91
134,NA,NA,base,interview,2024-12-07T12:55:22Z,1,2,24,4,3,3,4,3,2,3,3,4,4,3,4,3,2,3,3,2,3,4,3,2,2,3,3,2,2,2,2,3,2,2,3,2,2,2,6,19,71,16,38,56,19,2,227,NA,2024-12-07T12:59:09Z,NA,1,0,8,8,0,0,0.91
135,NA,NA,base,interview,2024-12-07T13:50:38Z,1,2,19,3,3,3,3,3,2,3,3,3,3,3,3,2,3,3,2,2,3,2,2,3,3,3,2,2,2,2,2,3,1,2,1,3,3,2,12,9,28,12,25,29,21,1,137,NA,2024-12-07T13:52:55Z,NA,1,0,8,8,0,0,1.35
139,NA,NA,base,interview,2024-12-07T18:27:24Z,1,2,23,3,4,4,3,2,3,1,3,2,4,4,4,4,2,4,4,4,3,4,4,4,4,4,3,4,4,3,3,1,2,4,2,1,4,3,6,10,33,12,35,13,18,4,131,NA,2024-12-07T18:29:35Z,NA,1,0,8,8,0,0,1.33
140,NA,NA,base,interview,2024-12-07T20:31:59Z,1,2,21,3,2,3,4,2,1,2,3,4,3,2,2,2,3,3,3,1,2,3,2,3,2,4,2,1,2,1,2,2,2,2,2,2,2,3,4,23,41,12,38,28,29,1,176,NA,2024-12-07T20:34:55Z,NA,1,0,8,8,0,0,1.2
141,NA,NA,base,interview,2024-12-07T21:10:19Z,1,2,23,2,1,1,3,1,1,1,1,1,1,3,1,1,1,1,2,3,1,3,3,2,1,2,1,1,1,1,1,2,2,-1,2,1,1,1,4,10,21,11,22,15,15,2,100,NA,2024-12-07T21:11:59Z,NA,1,0,8,8,0,0,1.63
142,NA,NA,base,interview,2024-12-07T22:35:42Z,1,2,20,4,3,3,4,2,3,4,4,4,3,4,4,3,3,3,3,2,3,4,3,4,2,4,2,2,3,2,3,2,2,2,1,1,3,1,3,12,33,13,30,26,24,2,143,NA,2024-12-07T22:38:05Z,NA,1,0,8,8,0,0,1.26
143,NA,NA,base,interview,2024-12-08T13:40:14Z,1,2,21,4,3,2,4,2,1,2,4,3,4,2,2,2,3,3,4,3,4,4,4,4,3,4,3,3,3,2,3,3,3,4,4,3,3,3,4,13,52,21,36,42,40,3,211,NA,2024-12-08T13:43:45Z,NA,1,0,8,8,0,0,0.88
144,NA,NA,base,interview,2024-12-08T14:44:43Z,1,2,20,4,3,3,4,3,3,4,4,3,3,4,3,3,4,4,4,1,4,1,3,3,2,4,4,3,4,1,2,1,2,4,3,4,3,4,24,78,35,14,32,30,26,5,155,NA,2024-12-08T14:48:47Z,NA,1,0,8,8,0,0,0.85
146,NA,NA,base,interview,2024-12-09T10:51:22Z,1,2,21,3,2,3,3,2,2,2,3,2,3,3,3,2,3,3,2,1,3,2,1,1,1,4,3,1,2,1,2,2,1,3,2,4,3,2,3,10,32,16,29,25,24,2,141,NA,2024-12-09T10:53:43Z,NA,1,0,8,8,0,0,1.27
147,NA,NA,base,interview,2024-12-09T14:01:23Z,1,1,21,4,1,4,3,3,3,4,4,3,3,4,2,2,4,3,3,2,4,1,3,3,1,3,2,1,1,1,1,1,1,2,2,3,3,2,7,10,50,26,43,35,25,2,198,NA,2024-12-09T14:04:41Z,NA,1,0,8,8,0,0,0.92
148,NA,NA,base,interview,2024-12-09T16:27:53Z,1,2,21,2,1,2,2,1,1,2,2,2,2,3,1,1,1,1,2,2,2,1,1,3,1,3,1,1,1,1,1,2,2,1,1,1,1,-1,3,10,55,30,104,62,47,3,248,NA,2024-12-09T16:33:07Z,NA,1,0,8,8,0,0,0.79
150,NA,NA,base,interview,2024-12-09T17:21:57Z,1,1,21,3,2,2,2,2,2,3,3,2,2,3,1,2,3,3,2,2,3,2,3,3,3,3,2,3,3,2,3,3,3,2,1,3,1,2,4,7,27,36,42,20,23,2,161,NA,2024-12-09T17:24:38Z,NA,1,0,8,8,0,0,1.22
151,NA,NA,base,interview,2024-12-09T17:34:21Z,1,1,18,3,3,3,3,3,1,2,2,3,3,4,4,3,2,2,2,3,2,2,2,2,1,3,2,2,2,1,3,3,1,2,2,3,2,2,11,17,45,22,54,39,37,2,227,NA,2024-12-09T17:38:08Z,NA,1,0,8,8,0,0,0.78
152,NA,NA,base,interview,2024-12-09T17:59:25Z,1,2,21,4,3,4,4,3,2,3,4,4,4,3,4,3,4,3,3,1,4,2,4,4,2,3,3,2,2,3,1,3,3,1,2,2,3,3,10,14,34,14,37,29,26,3,167,NA,2024-12-09T18:02:12Z,NA,1,0,8,8,0,0,0.98
153,NA,NA,base,interview,2024-12-09T18:26:40Z,1,2,21,4,2,3,3,2,2,3,3,2,1,3,2,1,3,2,2,3,3,2,2,2,2,3,2,1,1,1,1,2,3,2,1,1,2,2,3,13,52,26,81,38,28,2,243,NA,2024-12-09T18:30:43Z,NA,1,0,8,8,0,0,0.93
154,NA,NA,base,interview,2024-12-09T19:22:49Z,1,2,35,3,2,1,2,1,2,2,2,2,2,2,2,1,1,1,1,1,1,1,1,2,1,2,4,1,1,1,1,4,2,1,1,2,1,1,6,15,73,16,51,62,29,2,254,NA,2024-12-09T19:27:03Z,NA,1,0,8,8,0,0,0.82
155,NA,NA,base,interview,2024-12-09T23:12:58Z,1,1,26,3,3,2,3,4,3,3,2,1,2,3,2,3,1,2,3,2,3,3,3,2,1,3,3,4,2,2,2,2,1,3,3,4,-1,3,5,14,21,10,20,15,14,5,101,NA,2024-12-09T23:14:43Z,NA,1,0,8,8,0,0,1.55
156,NA,NA,base,interview,2024-12-10T00:26:01Z,1,2,19,3,3,4,2,2,3,3,3,3,4,2,3,3,3,2,3,2,3,2,3,3,3,3,3,3,3,2,3,2,3,2,2,3,3,3,6,9,42,18,28,28,20,1,152,NA,2024-12-10T00:28:33Z,NA,1,0,8,8,0,0,1.26
157,NA,NA,base,interview,2024-12-10T09:48:48Z,1,1,20,3,3,3,4,3,4,4,4,3,3,4,2,2,4,3,3,3,4,3,3,3,2,4,3,2,4,2,3,3,3,2,3,3,3,3,11,30,124,14,19,62,57,3,240,NA,2024-12-10T09:54:08Z,NA,1,0,8,8,0,0,0.78
158,NA,NA,base,interview,2024-12-10T09:53:28Z,1,2,20,4,3,3,3,2,2,2,3,3,3,3,3,2,3,3,3,1,3,2,3,2,1,3,3,2,2,1,2,3,2,3,1,2,3,1,4,15,38,18,39,39,28,3,184,NA,2024-12-10T09:56:32Z,NA,1,0,8,8,0,0,0.96
159,NA,NA,base,interview,2024-12-10T10:23:15Z,1,2,28,2,1,1,1,1,1,1,1,1,1,1,1,1,1,1,1,1,1,1,1,2,1,2,1,1,1,1,1,1,1,1,1,1,1,1,10,19,61,34,66,52,31,2,275,NA,2024-12-10T10:27:50Z,NA,1,0,8,8,0,0,0.69
160,NA,NA,base,interview,2024-12-10T11:36:41Z,1,2,19,4,2,3,3,4,3,4,4,3,1,3,3,2,4,2,2,2,3,3,2,4,2,4,3,3,3,1,3,3,2,1,4,2,4,2,8,12,34,25,50,35,187,3,195,NA,2024-12-10T11:42:35Z,NA,1,0,8,8,0,0,0.77
162,NA,NA,base,interview,2024-12-10T13:24:44Z,1,2,19,1,1,1,1,1,1,1,3,1,1,1,1,1,1,3,1,3,3,1,2,2,1,2,1,1,1,1,1,1,1,1,1,1,1,1,4,10,44,16,84,44,42,4,202,NA,2024-12-10T13:28:52Z,NA,1,0,8,8,0,0,0.86
163,NA,NA,base,interview,2024-12-10T13:34:12Z,1,1,19,4,2,3,2,2,1,3,4,1,2,4,1,1,3,3,3,2,3,2,2,4,1,3,1,4,3,2,3,4,4,1,2,1,4,2,7,11,52,22,29,51,27,4,203,NA,2024-12-10T13:37:35Z,NA,1,0,8,8,0,0,0.86
164,NA,NA,base,interview,2024-12-10T14:54:34Z,1,2,19,3,2,2,3,2,2,3,4,3,2,3,2,3,3,2,3,3,4,3,3,3,1,4,1,3,3,1,3,3,2,3,2,3,3,4,35,32,53,20,33,31,18,2,173,NA,2024-12-10T14:58:18Z,NA,1,0,8,8,0,0,0.89
165,NA,NA,base,interview,2024-12-10T14:58:23Z,1,2,20,4,2,4,3,3,1,3,3,2,3,3,4,2,3,2,4,1,4,2,4,4,2,4,3,2,2,1,2,2,2,3,3,-1,2,3,4,11,45,23,39,33,28,2,185,NA,2024-12-10T15:01:28Z,NA,1,0,8,8,0,0,1.01
166,NA,NA,base,interview,2024-12-10T15:31:03Z,1,1,20,4,1,3,2,1,2,4,4,1,2,3,1,1,4,2,3,2,4,4,4,3,2,4,3,2,2,1,2,1,2,2,3,3,4,4,4,10,30,18,35,30,24,0,151,NA,2024-12-10T15:33:35Z,NA,1,0,8,8,0,0,1.41
167,NA,NA,base,interview,2024-12-10T16:26:23Z,1,2,20,3,1,2,1,1,1,3,1,1,2,3,1,1,1,1,1,1,1,1,1,1,1,2,1,1,1,1,1,2,4,3,1,1,1,1,3,15,39,12,63,39,30,1,202,NA,2024-12-10T16:29:45Z,NA,1,0,8,8,0,0,1.19
168,NA,NA,base,interview,2024-12-10T16:47:55Z,1,2,23,3,1,3,1,1,1,2,3,1,1,1,1,1,2,2,3,1,3,1,2,1,1,3,2,3,3,1,2,2,2,1,4,2,1,2,5,6,31,13,22,27,22,2,128,NA,2024-12-10T16:50:03Z,NA,1,0,8,8,0,0,1.37
169,NA,NA,base,interview,2024-12-10T17:12:34Z,1,2,22,2,1,3,3,3,2,3,3,3,2,3,3,2,3,2,1,2,3,1,1,2,1,3,3,2,2,1,2,3,2,1,1,1,2,2,4,9,70,22,116,59,34,1,237,NA,2024-12-10T17:17:49Z,NA,1,0,8,8,0,0,0.96
170,NA,NA,base,interview,2024-12-10T17:17:59Z,1,1,19,3,3,3,2,2,3,3,3,2,3,3,2,3,3,3,3,3,3,3,3,3,2,4,3,2,2,2,2,2,2,3,2,3,3,3,6,9,27,27,21,48,12,2,152,NA,2024-12-10T17:20:31Z,NA,1,0,8,8,0,0,1.28
171,NA,NA,base,interview,2024-12-10T19:45:32Z,1,2,20,4,2,3,3,2,1,3,3,3,1,3,2,2,2,3,3,1,3,2,2,3,1,4,2,2,1,2,2,1,3,4,2,4,3,4,3,8,33,19,22,33,29,20,149,NA,2024-12-10T19:48:19Z,NA,1,0,8,8,0,0,1.15
172,NA,NA,base,interview,2024-12-11T12:09:18Z,1,2,19,4,3,4,4,3,2,3,4,2,3,3,3,2,3,3,3,2,3,2,2,4,2,4,2,2,3,2,2,3,2,3,2,4,3,3,3,7,38,19,47,37,16,3,170,NA,2024-12-11T12:12:08Z,NA,1,0,8,8,0,0,1.19
